rank,gid,role,priority_score,why,cluster_id
1,100000003684369100,coordinator,1.0,"Хаб: собирает и раздаёт: 24 плательщиков → 62 получателей, через узел 8,6 млн ₸; 4 seed в 2 шагах выше; посредничество выше 99% узлов. Оборот через узел 12,4 млн ₸; 100% суммы уходит за 2 дня",2
2,100000000331309100,coordinator,0.9907,"Хаб: собирает и раздаёт: 5 плательщиков → 99 получателей, через узел 23,0 млн ₸; 3 seed в 2 шагах выше; посредничество выше 99% узлов. Оборот через узел 24,0 млн ₸",4
3,100000004156082100,coordinator,0.9856,"Хаб: собирает и раздаёт: 5 плательщиков → 26 получателей, через узел 2,3 млн ₸; 3 seed в 2 шагах выше; посредничество выше 99% узлов. Оборот через узел 2,7 млн ₸; 96% суммы уходит за 2 дня",15
4,100000008165763100,coordinator,0.9835,"Хаб: собирает и раздаёт: 15 плательщиков → 17 получателей, через узел 1,3 млн ₸; 3 seed в 2 шагах выше; посредничество выше 97% узлов. Оборот через узел 2,4 млн ₸; 68% суммы уходит за 2 дня",2
5,100000000343175100,coordinator,0.9824,"Хаб: собирает и раздаёт: 8 плательщиков → 31 получателей, через узел 4,0 млн ₸; 3 seed в 2 шагах выше; посредничество выше 98% узлов. Оборот через узел 4,2 млн ₸; 100% суммы уходит за 2 дня",9
6,100000008477350100,coordinator,0.9819,"Хаб: собирает и раздаёт: 11 плательщиков → 39 получателей, через узел 3,4 млн ₸; 2 seed в 2 шагах выше; посредничество выше 99% узлов. Оборот через узел 4,0 млн ₸; 57% суммы уходит за 2 дня",0
7,100000008346837100,coordinator,0.9552,"Хаб: собирает и раздаёт: 9 плательщиков → 25 получателей, через узел 1,3 млн ₸; 2 seed в 2 шагах выше; посредничество выше 99% узлов. Оборот через узел 1,5 млн ₸; 85% суммы уходит за 2 дня",13
8,100000003115284100,consolidator,0.9474,"Сбор средств: 2,2 млн ₸ от 8 плательщиков (из них seed: 2), дальше ушло 24% полученного; до 7 плательщиков в один день. Оборот через узел 2,7 млн ₸; 4 seed в 2 шагах выше; 99% суммы уходит за 2 дня",9
9,100000004403675100,coordinator,0.9421,"Мост между ветками: 4 плательщиков → 5 получателей, через узел 265 тыс ₸; 2 seed в 2 шагах выше; посредничество выше 99% узлов. Оборот через узел 448 тыс ₸; 54% суммы уходит за 2 дня",20
10,100000003016635100,coordinator,0.9388,"Хаб: собирает и раздаёт: 8 плательщиков → 73 получателей, через узел 9,4 млн ₸; 1 seed в 2 шагах выше; посредничество выше 99% узлов. Оборот через узел 10,0 млн ₸; 94% суммы уходит за 2 дня",5
11,100000008603629100,coordinator,0.9385,"Хаб: собирает и раздаёт: 19 плательщиков → 61 получателей, через узел 5,0 млн ₸; 1 seed в 2 шагах выше; посредничество выше 99% узлов. Оборот через узел 6,8 млн ₸; 99% суммы уходит за 2 дня",3
12,100000008637537100,consolidator,0.9382,"Сбор средств: 620 тыс ₸ от 3 плательщиков (из них seed: 2); до 2 плательщиков в один день. Оборот через узел 3,0 млн ₸; 4 seed в 2 шагах выше; 100% суммы уходит за 2 дня",10
13,100000004400305100,coordinator,0.9374,"Хаб: собирает и раздаёт: 7 плательщиков → 82 получателей, через узел 5,8 млн ₸; 2 seed в 2 шагах выше; посредничество выше 99% узлов. Оборот через узел 6,1 млн ₸; 79% суммы уходит за 2 дня",0
14,100000006866783100,coordinator,0.9333,"Хаб: собирает и раздаёт: 13 плательщиков → 67 получателей, через узел 3,9 млн ₸; 1 seed в 2 шагах выше; посредничество выше 99% узлов. Оборот через узел 4,8 млн ₸; 100% суммы уходит за 2 дня",0
15,100000000437046100,coordinator,0.9315,"Хаб: собирает и раздаёт: 9 плательщиков → 42 получателей, через узел 7,6 млн ₸; 1 seed в 2 шагах выше; посредничество выше 99% узлов. Оборот через узел 8,7 млн ₸; 87% суммы уходит за 2 дня",0
16,100000004015047100,consolidator,0.928,"Сбор средств: 919 тыс ₸ от 9 плательщиков (из них seed: 3), дальше ушло 8% полученного; до 2 плательщиков в один день. Оборот через узел 988 тыс ₸; 4 seed в 2 шагах выше; 64% суммы уходит за 2 дня",6
17,100000007442518100,coordinator,0.9222,"Хаб: собирает и раздаёт: 5 плательщиков → 9 получателей, через узел 4,4 млн ₸; 1 seed в 2 шагах выше; посредничество выше 96% узлов. Оборот через узел 4,9 млн ₸; 90% суммы уходит за 2 дня",30
18,100000001857829100,coordinator,0.9219,"Хаб: собирает и раздаёт: 6 плательщиков → 16 получателей, через узел 2,4 млн ₸; 1 seed в 2 шагах выше; посредничество выше 99% узлов. Оборот через узел 3,3 млн ₸; 82% суммы уходит за 2 дня",3
19,100000005382566100,consolidator,0.9128,Сбор средств: 393 тыс ₸ от 7 плательщиков (из них seed: 6); до 2 плательщиков в один день. Оборот через узел 443 тыс ₸; 7 seed в 2 шагах выше; 100% суммы уходит за 2 дня,20
20,100000002398779100,consolidator,0.9099,"Сбор средств: 1,1 млн ₸ от 13 плательщиков (из них seed: 0), дальше ушло 6% полученного; до 7 плательщиков в один день. Оборот через узел 1,2 млн ₸; 2 seed в 2 шагах выше; 100% суммы уходит за 2 дня",0
21,100000001616816100,consolidator,0.9078,Сбор средств: 176 тыс ₸ от 5 плательщиков (из них seed: 0). Оборот через узел 358 тыс ₸; 3 seed в 2 шагах выше; 69% суммы уходит за 2 дня,6
22,100000002838861100,consolidator,0.9034,"Сбор средств: 555 тыс ₸ от 5 плательщиков (из них seed: 2), дальше ушло 2% полученного; до 2 плательщиков в один день. Оборот через узел 565 тыс ₸; 2 seed в 2 шагах выше",7
23,100000007908818100,consolidator,0.8996,"Сбор средств: 727 тыс ₸ от 4 плательщиков (из них seed: 2), дальше ушло 42% полученного; до 2 плательщиков в один день. Оборот через узел 1,0 млн ₸; 4 seed в 2 шагах выше",2
24,100000008686313100,coordinator,0.8958,"Хаб: собирает и раздаёт: 6 плательщиков → 7 получателей, через узел 334 тыс ₸; 1 seed в 2 шагах выше; посредничество выше 99% узлов. Оборот через узел 2,2 млн ₸; 100% суммы уходит за 2 дня",0
25,100000008547948100,coordinator,0.8954,"Хаб: собирает и раздаёт: 6 плательщиков → 26 получателей, через узел 5,2 млн ₸; 1 seed в 2 шагах выше; посредничество выше 98% узлов. Оборот через узел 5,4 млн ₸",7
26,100000006889963100,consolidator,0.8924,"Сбор средств: 1,4 млн ₸ от 4 плательщиков (из них seed: 2), дальше ушло 31% полученного; до 4 плательщиков в один день. Оборот через узел 1,9 млн ₸; 4 seed в 2 шагах выше; 100% суммы уходит за 2 дня",4
27,100000005782781100,coordinator,0.8909,"Хаб: собирает и раздаёт: 6 плательщиков → 10 получателей, через узел 1,3 млн ₸; 1 seed в 2 шагах выше; посредничество выше 98% узлов. Оборот через узел 1,4 млн ₸; 100% суммы уходит за 2 дня",6
28,100000002741024100,consolidator,0.8839,"Сбор средств: 818 тыс ₸ от 5 плательщиков (из них seed: 0), дальше ушло 53% полученного. Оборот через узел 1,3 млн ₸; 1 seed в 2 шагах выше",0
29,100000002224132100,consolidator,0.8803,"Сбор средств: 4,0 млн ₸ от 5 плательщиков (из них seed: 0), дальше ушло 307% полученного; до 2 плательщиков в один день. Оборот через узел 16,1 млн ₸; 1 seed в 2 шагах выше; 73% суммы уходит за 2 дня",23
30,100000000661912100,consolidator,0.8796,"Сбор средств: 393 тыс ₸ от 5 плательщиков (из них seed: 1), дальше ушло 110% полученного; до 2 плательщиков в один день. Оборот через узел 824 тыс ₸; 1 seed в 2 шагах выше; 75% суммы уходит за 2 дня",0
